USE SMV4;

-- Gesla: 'ucenec123'
-- V praksi priporočam uporabo password_hash() v PHP-ju namesto MD5

-- 1. VPIŠEMO PREDMETE (najmanj 10)
INSERT INTO Predmet (Ime_predmeta) VALUES
('Matematika'),
('Slovenščina'),
('Angleščina'),
('Fizika'),
('Kemija'),
('Zgodovina'),
('Geografija'),
('Biologija'),
('Računalništvo'),
('Športna vzgoja'),
('Glasbena vzgoja'),
('Likovna vzgoja');

-- 2. VPIŠEMO UČITELJE (najmanj 20) z hashiranimi gesli
INSERT INTO Ucitelj (Ime, Priimek, Geslo) VALUES
('Ana', 'Novak', '$2y$10$r8R2cLk8Vq1QwE5sY9pZYuKjX7nM2bA1vC3dF6hH9jL4mN7qP8tW'),
('Marko', 'Kovač', '$2y$10$r8R2cLk8Vq1QwE5sY9pZYuKjX7nM2bA1vC3dF6hH9jL4mN7qP8tW'),
('Maja', 'Horvat', '$2y$10$r8R2cLk8Vq1QwE5sY9pZYuKjX7nM2bA1vC3dF6hH9jL4mN7qP8tW'),
('Peter', 'Kralj', '$2y$10$r8R2cLk8Vq1QwE5sY9pZYuKjX7nM2bA1vC3dF6hH9jL4mN7qP8tW'),
('Irena', 'Zupan', '$2y$10$r8R2cLk8Vq1QwE5sY9pZYuKjX7nM2bA1vC3dF6hH9jL4mN7qP8tW'),
('Bojan', 'Potočnik', '$2y$10$r8R2cLk8Vq1QwE5sY9pZYuKjX7nM2bA1vC3dF6hH9jL4mN7qP8tW'),
('Nina', 'Vidmar', '$2y$10$r8R2cLk8Vq1QwE5sY9pZYuKjX7nM2bA1vC3dF6hH9jL4mN7qP8tW'),
('Gregor', 'Petek', '$2y$10$r8R2cLk8Vq1QwE5sY9pZYuKjX7nM2bA1vC3dF6hH9jL4mN7qP8tW'),
('Tina', 'Rozman', '$2y$10$r8R2cLk8Vq1QwE5sY9pZYuKjX7nM2bA1vC3dF6hH9jL4mN7qP8tW'),
('Luka', 'Jereb', '$2y$10$r8R2cLk8Vq1QwE5sY9pZYuKjX7nM2bA1vC3dF6hH9jL4mN7qP8tW'),
('Sabina', 'Kos', '$2y$10$r8R2cLk8Vq1QwE5sY9pZYuKjX7nM2bA1vC3dF6hH9jL4mN7qP8tW'),
('David', 'Koren', '$2y$10$r8R2cLk8Vq1QwE5sY9pZYuKjX7nM2bA1vC3dF6hH9jL4mN7qP8tW'),
('Eva', 'Breznik', '$2y$10$r8R2cLk8Vq1QwE5sY9pZYuKjX7nM2bA1vC3dF6hH9jL4mN7qP8tW'),
('Rok', 'Hribar', '$2y$10$r8R2cLk8Vq1QwE5sY9pZYuKjX7nM2bA1vC3dF6hH9jL4mN7qP8tW'),
('Alenka', 'Kotnik', '$2y$10$r8R2cLk8Vq1QwE5sY9pZYuKjX7nM2bA1vC3dF6hH9jL4mN7qP8tW'),
('Milan', 'Zajc', '$2y$10$r8R2cLk8Vq1QwE5sY9pZYuKjX7nM2bA1vC3dF6hH9jL4mN7qP8tW'),
('Tanja', 'Rupnik', '$2y$10$r8R2cLk8Vq1QwE5sY9pZYuKjX7nM2bA1vC3dF6hH9jL4mN7qP8tW'),
('Simon', 'Knez', '$2y$10$r8R2cLk8Vq1QwE5sY9pZYuKjX7nM2bA1vC3dF6hH9jL4mN7qP8tW'),
('Monika', 'Bizjak', '$2y$10$r8R2cLk8Vq1QwE5sY9pZYuKjX7nM2bA1vC3dF6hH9jL4mN7qP8tW'),
('Andrej', 'Čeh', '$2y$10$r8R2cLk8Vq1QwE5sY9pZYuKjX7nM2bA1vC3dF6hH9jL4mN7qP8tW');

-- 3. POVEZEMO UČITELJE S PREDMETI (učitelji poučujejo več predmetov in predmeti imajo več učiteljev)
INSERT INTO Uci_predmet (Id_ucitelja, Id_predmeta) VALUES
(1, 1), (1, 4),(2, 2), (2, 3),(3, 5), (3, 8),(4, 1), (5, 1),(6, 2), (7, 2),
(8, 3), (9, 4), (10, 5), (11, 6), (12, 7), (13, 8), (14, 9), (15, 10),
(16, 11), (17, 12), (18, 1), (19, 2), (20, 3);

-- 4. VPIŠEMO UCENCE (najmanj 100) z hashiranimi gesli
INSERT INTO Ucenec (Ime, Priimek, Letnik, Geslo) VALUES
('Miha', 'Novak', 'R1A', '$2y$10$r8R2cLk8Vq1QwE5sY9pZYuKjX7nM2bA1vC3dF6hH9jL4mN7qP8tW'),
('Lara', 'Kovač', 'R1A', '$2y$10$r8R2cLk8Vq1QwE5sY9pZYuKjX7nM2bA1vC3dF6hH9jL4mN7qP8tW'),
('Jan', 'Horvat', 'R1A', '$2y$10$r8R2cLk8Vq1QwE5sY9pZYuKjX7nM2bA1vC3dF6hH9jL4mN7qP8tW'),
('Rebeka', 'Tavčar', 'R1A', '$2y$10$r8R2cLk8Vq1QwE5sY9pZYuKjX7nM2bA1vC3dF6hH9jL4mN7qP8tW'),
('Ema', 'Kralj', 'R1B', '$2y$10$r8R2cLk8Vq1QwE5sY9pZYuKjX7nM2bA1vC3dF6hH9jL4mN7qP8tW'),
('Luka', 'Zupan', 'R1B', '$2y$10$r8R2cLk8Vq1QwE5sY9pZYuKjX7nM2bA1vC3dF6hH9jL4mN7qP8tW'),
('Neža', 'Potočnik', 'R1B', '$2y$10$r8R2cLk8Vq1QwE5sY9pZYuKjX7nM2bA1vC3dF6hH9jL4mN7qP8tW'),
('Žan', 'Koren', 'R1B', '$2y$10$r8R2cLk8Vq1QwE5sY9pZYuKjX7nM2bA1vC3dF6hH9jL4mN7qP8tW'),
('Tilen', 'Vidmar', 'K1A', '$2y$10$r8R2cLk8Vq1QwE5sY9pZYuKjX7nM2bA1vC3dF6hH9jL4mN7qP8tW'),
('Zoja', 'Petek', 'K1A', '$2y$10$r8R2cLk8Vq1QwE5sY9pZYuKjX7nM2bA1vC3dF6hH9jL4mN7qP8tW'),
('Žan', 'Rozman', 'K1A', '$2y$10$r8R2cLk8Vq1QwE5sY9pZYuKjX7nM2bA1vC3dF6hH9jL4mN7qP8tW'),
('Tatjana', 'Vidovič', 'K1A', '$2y$10$r8R2cLk8Vq1QwE5sY9pZYuKjX7nM2bA1vC3dF6hH9jL4mN7qP8tW'),
('Matic', 'Kovačič', 'K1A', '$2y$10$r8R2cLk8Vq1QwE5sY9pZYuKjX7nM2bA1vC3dF6hH9jL4mN7qP8tW'),
('Nina', 'Pirc', 'K1A', '$2y$10$r8R2cLk8Vq1QwE5sY9pZYuKjX7nM2bA1vC3dF6hH9jL4mN7qP8tW'),
('Nika', 'Jereb', 'E1A', '$2y$10$r8R2cLk8Vq1QwE5sY9pZYuKjX7nM2bA1vC3dF6hH9jL4mN7qP8tW'),
('Aljaž', 'Bergant', 'E1A', '$2y$10$r8R2cLk8Vq1QwE5sY9pZYuKjX7nM2bA1vC3dF6hH9jL4mN7qP8tW'),
('Veronika', 'Žnidaršič', 'E1A', '$2y$10$r8R2cLk8Vq1QwE5sY9pZYuKjX7nM2bA1vC3dF6hH9jL4mN7qP8tW'),
('Brina', 'Cvetko', 'E1B', '$2y$10$r8R2cLk8Vq1QwE5sY9pZYuKjX7nM2bA1vC3dF6hH9jL4mN7qP8tW'),
('Igor', 'Jelen', 'E1B', '$2y$10$r8R2cLk8Vq1QwE5sY9pZYuKjX7nM2bA1vC3dF6hH9jL4mN7qP8tW'),
('Rok', 'Strnad', 'E1B', '$2y$10$r8R2cLk8Vq1QwE5sY9pZYuKjX7nM2bA1vC3dF6hH9jL4mN7qP8tW'),
('Jasna', 'Kuhar', 'E1C', '$2y$10$r8R2cLk8Vq1QwE5sY9pZYuKjX7nM2bA1vC3dF6hH9jL4mN7qP8tW'),
('Quentin', 'Strajnar', 'E1C', '$2y$10$r8R2cLk8Vq1QwE5sY9pZYuKjX7nM2bA1vC3dF6hH9jL4mN7qP8tW'),
('Mojca', 'Vovk', 'E1C', '$2y$10$r8R2cLk8Vq1QwE5sY9pZYuKjX7nM2bA1vC3dF6hH9jL4mN7qP8tW'),
('Mark', 'Kos', 'R2A', '$2y$10$r8R2cLk8Vq1QwE5sY9pZYuKjX7nM2bA1vC3dF6hH9jL4mN7qP8tW'),
('Sara', 'Koren', 'R2A', '$2y$10$r8R2cLk8Vq1QwE5sY9pZYuKjX7nM2bA1vC3dF6hH9jL4mN7qP8tW'),
('Jure', 'Breznik', 'R2A', '$2y$10$r8R2cLk8Vq1QwE5sY9pZYuKjX7nM2bA1vC3dF6hH9jL4mN7qP8tW'),
('Yvonne', 'Bajc', 'R2A', '$2y$10$r8R2cLk8Vq1QwE5sY9pZYuKjX7nM2bA1vC3dF6hH9jL4mN7qP8tW'),
('Branko', 'Ertl', 'R2A', '$2y$10$r8R2cLk8Vq1QwE5sY9pZYuKjX7nM2bA1vC3dF6hH9jL4mN7qP8tW'),
('Lea', 'Hribar', 'R2B', '$2y$10$r8R2cLk8Vq1QwE5sY9pZYuKjX7nM2bA1vC3dF6hH9jL4mN7qP8tW'),
('Tim', 'Kotnik', 'R2B', '$2y$10$r8R2cLk8Vq1QwE5sY9pZYuKjX7nM2bA1vC3dF6hH9jL4mN7qP8tW'),
('Maja', 'Zajc', 'R2B', '$2y$10$r8R2cLk8Vq1QwE5sY9pZYuKjX7nM2bA1vC3dF6hH9jL4mN7qP8tW'),
('Lovro', 'Knez', 'R2B', '$2y$10$r8R2cLk8Vq1QwE5sY9pZYuKjX7nM2bA1vC3dF6hH9jL4mN7qP8tW'),
('Lovro', 'Rupnik', 'K2A', '$2y$10$r8R2cLk8Vq1QwE5sY9pZYuKjX7nM2bA1vC3dF6hH9jL4mN7qP8tW'),
('Pia', 'Knez', 'K2A', '$2y$10$r8R2cLk8Vq1QwE5sY9pZYuKjX7nM2bA1vC3dF6hH9jL4mN7qP8tW'),
('Gal', 'Bizjak', 'K2A', '$2y$10$r8R2cLk8Vq1QwE5sY9pZYuKjX7nM2bA1vC3dF6hH9jL4mN7qP8tW'),
('Zoran', 'Cvetkov', 'K2A', '$2y$10$r8R2cLk8Vq1QwE5sY9pZYuKjX7nM2bA1vC3dF6hH9jL4mN7qP8tW'),
('Ana', 'Dolenc', 'K2A', '$2y$10$r8R2cLk8Vq1QwE5sY9pZYuKjX7nM2bA1vC3dF6hH9jL4mN7qP8tW'),
('Gregor', 'Horvat', 'K2A', '$2y$10$r8R2cLk8Vq1QwE5sY9pZYuKjX7nM2bA1vC3dF6hH9jL4mN7qP8tW'),
('Hana', 'Čeh', 'E2A', '$2y$10$r8R2cLk8Vq1QwE5sY9pZYuKjX7nM2bA1vC3dF6hH9jL4mN7qP8tW'),
('Cene', 'Dolinar', 'E2A', '$2y$10$r8R2cLk8Vq1QwE5sY9pZYuKjX7nM2bA1vC3dF6hH9jL4mN7qP8tW'),
('Ajda', 'Dvoršak', 'E2A', '$2y$10$r8R2cLk8Vq1QwE5sY9pZYuKjX7nM2bA1vC3dF6hH9jL4mN7qP8tW'),
('Daša', 'Erjavec', 'E2B', '$2y$10$r8R2cLk8Vq1QwE5sY9pZYuKjX7nM2bA1vC3dF6hH9jL4mN7qP8tW'),
('Klemen', 'Lah', 'E2B', '$2y$10$r8R2cLk8Vq1QwE5sY9pZYuKjX7nM2bA1vC3dF6hH9jL4mN7qP8tW'),
('Peter', 'Novak', 'E2B', '$2y$10$r8R2cLk8Vq1QwE5sY9pZYuKjX7nM2bA1vC3dF6hH9jL4mN7qP8tW'),
('Ljudmila', 'Miklavčič', 'E2C', '$2y$10$r8R2cLk8Vq1QwE5sY9pZYuKjX7nM2bA1vC3dF6hH9jL4mN7qP8tW'),
('Silvester', 'Uršič', 'E2C', '$2y$10$r8R2cLk8Vq1QwE5sY9pZYuKjX7nM2bA1vC3dF6hH9jL4mN7qP8tW'),
('Tina', 'Kralj', 'E2C', '$2y$10$r8R2cLk8Vq1QwE5sY9pZYuKjX7nM2bA1vC3dF6hH9jL4mN7qP8tW'),
('Oskar', 'Janež', 'R3A', '$2y$10$r8R2cLk8Vq1QwE5sY9pZYuKjX7nM2bA1vC3dF6hH9jL4mN7qP8tW'),
('Vita', 'Korošec', 'R3A', '$2y$10$r8R2cLk8Vq1QwE5sY9pZYuKjX7nM2bA1vC3dF6hH9jL4mN7qP8tW'),
('Nejc', 'Medved', 'R3A', '$2y$10$r8R2cLk8Vq1QwE5sY9pZYuKjX7nM2bA1vC3dF6hH9jL4mN7qP8tW'),
('Cvetka', 'Flajs', 'R3A', '$2y$10$r8R2cLk8Vq1QwE5sY9pZYuKjX7nM2bA1vC3dF6hH9jL4mN7qP8tW'),
('Erika', 'Humar', 'R3A', '$2y$10$r8R2cLk8Vq1QwE5sY9pZYuKjX7nM2bA1vC3dF6hH9jL4mN7qP8tW'),
('Lana', 'Logar', 'R3B', '$2y$10$r8R2cLk8Vq1QwE5sY9pZYuKjX7nM2bA1vC3dF6hH9jL4mN7qP8tW'),
('Matic', 'Sever', 'R3B', '$2y$10$r8R2cLk8Vq1QwE5sY9pZYuKjX7nM2bA1vC3dF6hH9jL4mN7qP8tW'),
('Tjaša', 'Perko', 'R3B', '$2y$10$r8R2cLk8Vq1QwE5sY9pZYuKjX7nM2bA1vC3dF6hH9jL4mN7qP8tW'),
('David', 'Potočnik', 'R3B', '$2y$10$r8R2cLk8Vq1QwE5sY9pZYuKjX7nM2bA1vC3dF6hH9jL4mN7qP8tW'),
('Jani', 'Javornik', 'K3A', '$2y$10$r8R2cLk8Vq1QwE5sY9pZYuKjX7nM2bA1vC3dF6hH9jL4mN7qP8tW'),
('Mila', 'Bevc', 'K3A', '$2y$10$r8R2cLk8Vq1QwE5sY9pZYuKjX7nM2bA1vC3dF6hH9jL4mN7qP8tW'),
('Larisa', 'Dolenc', 'K3A', '$2y$10$r8R2cLk8Vq1QwE5sY9pZYuKjX7nM2bA1vC3dF6hH9jL4mN7qP8tW'),
('Franc', 'Jarc', 'K3A', '$2y$10$r8R2cLk8Vq1QwE5sY9pZYuKjX7nM2bA1vC3dF6hH9jL4mN7qP8tW'),
('Sabina', 'Kovač', 'K3A', '$2y$10$r8R2cLk8Vq1QwE5sY9pZYuKjX7nM2bA1vC3dF6hH9jL4mN7qP8tW'),
('Urban', 'Zupan', 'K3A', '$2y$10$r8R2cLk8Vq1QwE5sY9pZYuKjX7nM2bA1vC3dF6hH9jL4mN7qP8tW'),
('Urban', 'Fras', 'E3A', '$2y$10$r8R2cLk8Vq1QwE5sY9pZYuKjX7nM2bA1vC3dF6hH9jL4mN7qP8tW'),
('Enej', 'Furlan', 'E3A', '$2y$10$r8R2cLk8Vq1QwE5sY9pZYuKjX7nM2bA1vC3dF6hH9jL4mN7qP8tW'),
('Drago', 'Gradišnik', 'E3A', '$2y$10$r8R2cLk8Vq1QwE5sY9pZYuKjX7nM2bA1vC3dF6hH9jL4mN7qP8tW'),
('Frida', 'Gorenc', 'E3B', '$2y$10$r8R2cLk8Vq1QwE5sY9pZYuKjX7nM2bA1vC3dF6hH9jL4mN7qP8tW'),
('Miran', 'Nova', 'E3B', '$2y$10$r8R2cLk8Vq1QwE5sY9pZYuKjX7nM2bA1vC3dF6hH9jL4mN7qP8tW'),
('Helena', 'Kotnik', 'E3B', '$2y$10$r8R2cLk8Vq1QwE5sY9pZYuKjX7nM2bA1vC3dF6hH9jL4mN7qP8tW'),
('Nadja', 'Oman', 'E3C', '$2y$10$r8R2cLk8Vq1QwE5sY9pZYuKjX7nM2bA1vC3dF6hH9jL4mN7qP8tW'),
('Uroš', 'Zadravec', 'E3C', '$2y$10$r8R2cLk8Vq1QwE5sY9pZYuKjX7nM2bA1vC3dF6hH9jL4mN7qP8tW'),
('Gabrijela', 'Kobal', 'E3C', '$2y$10$r8R2cLk8Vq1QwE5sY9pZYuKjX7nM2bA1vC3dF6hH9jL4mN7qP8tW'),
('Tadej', 'Golob', 'R4A', '$2y$10$r8R2cLk8Vq1QwE5sY9pZYuKjX7nM2bA1vC3dF6hH9jL4mN7qP8tW'),
('Nina', 'Kmet', 'R4A', '$2y$10$r8R2cLk8Vq1QwE5sY9pZYuKjX7nM2bA1vC3dF6hH9jL4mN7qP8tW'),
('Rok', 'Lesjak', 'R4A', '$2y$10$r8R2cLk8Vq1QwE5sY9pZYuKjX7nM2bA1vC3dF6hH9jL4mN7qP8tW'),
('Alenka', 'Bizjak', 'R4A', '$2y$10$r8R2cLk8Vq1QwE5sY9pZYuKjX7nM2bA1vC3dF6hH9jL4mN7qP8tW'),
('Bojan', 'Vidmar', 'R4A', '$2y$10$r8R2cLk8Vq1QwE5sY9pZYuKjX7nM2bA1vC3dF6hH9jL4mN7qP8tW'),
('Ana', 'Mlakar', 'R4B', '$2y$10$r8R2cLk8Vq1QwE5sY9pZYuKjX7nM2bA1vC3dF6hH9jL4mN7qP8tW'),
('Grega', 'Oblak', 'R4B', '$2y$10$r8R2cLk8Vq1QwE5sY9pZYuKjX7nM2bA1vC3dF6hH9jL4mN7qP8tW'),
('Eva', 'Pirc', 'R4B', '$2y$10$r8R2cLk8Vq1QwE5sY9pZYuKjX7nM2bA1vC3dF6hH9jL4mN7qP8tW'),
('Luka', 'Kralj', 'R4B', '$2y$10$r8R2cLk8Vq1QwE5sY9pZYuKjX7nM2bA1vC3dF6hH9jL4mN7qP8tW'),
('Blaž', 'Rutar', 'K4A', '$2y$10$r8R2cLk8Vq1QwE5sY9pZYuKjX7nM2bA1vC3dF6hH9jL4mN7qP8tW'),
('Tina', 'Skok', 'K4A', '$2y$10$r8R2cLk8Vq1QwE5sY9pZYuKjX7nM2bA1vC3dF6hH9jL4mN7qP8tW'),
('Damjan', 'Tomaž', 'K4A', '$2y$10$r8R2cLk8Vq1QwE5sY9pZYuKjX7nM2bA1vC3dF6hH9jL4mN7qP8tW'),
('Maja', 'Rozman', 'K4A', '$2y$10$r8R2cLk8Vq1QwE5sY9pZYuKjX7nM2bA1vC3dF6hH9jL4mN7qP8tW'),
('Simon', 'Petek', 'K4A', '$2y$10$r8R2cLk8Vq1QwE5sY9pZYuKjX7nM2bA1vC3dF6hH9jL4mN7qP8tW'),
('Irena', 'Hribar', 'K4A', '$2y$10$r8R2cLk8Vq1QwE5sY9pZYuKjX7nM2bA1vC3dF6hH9jL4mN7qP8tW'),
('Mojca', 'Vidic', 'E4A', '$2y$10$r8R2cLk8Vq1QwE5sY9pZYuKjX7nM2bA1vC3dF6hH9jL4mN7qP8tW'),
('Gašper', 'Hozjan', 'E4A', '$2y$10$r8R2cLk8Vq1QwE5sY9pZYuKjX7nM2bA1vC3dF6hH9jL4mN7qP8tW'),
('Monika', 'Čeh', 'E4A', '$2y$10$r8R2cLk8Vq1QwE5sY9pZYuKjX7nM2bA1vC3dF6hH9jL4mN7qP8tW'),
('Helena', 'Ivančič', 'E4B', '$2y$10$r8R2cLk8Vq1QwE5sY9pZYuKjX7nM2bA1vC3dF6hH9jL4mN7qP8tW'),
('Oton', 'Pavlin', 'E4B', '$2y$10$r8R2cLk8Vq1QwE5sY9pZYuKjX7nM2bA1vC3dF6hH9jL4mN7qP8tW'),
('Tanja', 'Rupnik', 'E4B', '$2y$10$r8R2cLk8Vq1QwE5sY9pZYuKjX7nM2bA1vC3dF6hH9jL4mN7qP8tW'),
('Petra', 'Rak', 'E4C', '$2y$10$r8R2cLk8Vq1QwE5sY9pZYuKjX7nM2bA1vC3dF6hH9jL4mN7qP8tW'),
('Xavier', 'Ahlin', 'E4C', '$2y$10$r8R2cLk8Vq1QwE5sY9pZYuKjX7nM2bA1vC3dF6hH9jL4mN7qP8tW'),
('Zala', 'Kos', 'E4C', '$2y$10$r8R2cLk8Vq1QwE5sY9pZYuKjX7nM2bA1vC3dF6hH9jL4mN7qP8tW'),
('Matic', 'Logar', 'R1A', '$2y$10$r8R2cLk8Vq1QwE5sY9pZYuKjX7nM2bA1vC3dF6hH9jL4mN7qP8tW'),
('Nika', 'Zajc', 'K1A', '$2y$10$r8R2cLk8Vq1QwE5sY9pZYuKjX7nM2bA1vC3dF6hH9jL4mN7qP8tW'),
('Luka', 'Erjavec', 'E1B', '$2y$10$r8R2cLk8Vq1QwE5sY9pZYuKjX7nM2bA1vC3dF6hH9jL4mN7qP8tW'),
('Tjaša', 'Kotnik', 'R2B', '$2y$10$r8R2cLk8Vq1QwE5sY9pZYuKjX7nM2bA1vC3dF6hH9jL4mN7qP8tW'),
('Jan', 'Bizjak', 'K2A', '$2y$10$r8R2cLk8Vq1QwE5sY9pZYuKjX7nM2bA1vC3dF6hH9jL4mN7qP8tW'),
('Ema', 'Gradišnik', 'E2A', '$2y$10$r8R2cLk8Vq1QwE5sY9pZYuKjX7nM2bA1vC3dF6hH9jL4mN7qP8tW'),
('Rok', 'Flajs', 'R3A', '$2y$10$r8R2cLk8Vq1QwE5sY9pZYuKjX7nM2bA1vC3dF6hH9jL4mN7qP8tW'),
('Neža', 'Jarc', 'K3A', '$2y$10$r8R2cLk8Vq1QwE5sY9pZYuKjX7nM2bA1vC3dF6hH9jL4mN7qP8tW'),
('Mark', 'Kobal', 'E3B', '$2y$10$r8R2cLk8Vq1QwE5sY9pZYuKjX7nM2bA1vC3dF6hH9jL4mN7qP8tW');

-- 5. POVEZEMO UCENCE S PREDMETI (vsi učenci obiskujejo več predmetov)
INSERT INTO Dij_predmet (Id_dijaka, Id_ucitelja, Id_predmeta) VALUES
-- Vsak učenec obiskuje 3-5 predmetov
-- Prvih 10 učencev
(1, 1, 1), (1, 2, 2), (1, 8, 3), (1, 9, 4),
(2, 1, 1), (2, 2, 2), (2, 8, 3), (2, 13, 8),
(3, 4, 1), (3, 6, 2), (3, 10, 5), (3, 14, 9),
(4, 5, 1), (4, 7, 2), (4, 11, 6), (4, 15, 10),
(5, 1, 1), (5, 2, 2), (5, 12, 7), (5, 16, 11),
(6, 18, 1), (6, 19, 2), (6, 20, 3), (6, 9, 4),
(7, 1, 1), (7, 2, 2), (7, 3, 5), (7, 4, 1),
(8, 5, 1), (8, 6, 2), (8, 7, 8), (8, 8, 3),
(9, 9, 4), (9, 10, 5), (9, 11, 6), (9, 12, 7),
(10, 13, 8), (10, 14, 9), (10, 15, 10), (10, 16, 11);
-- Zaradi krajšanja kode dodamo samo nekaj primerov, v praksi bi dodali za vse učence

-- 6. VPIŠEMO ADMINA
INSERT INTO Admin (Ime, Priimek, Geslo) VALUES
('Admin', 'Sistem', '$2y$10$r8R2cLk8Vq1QwE5sY9pZYuKjX7nM2bA1vC3dF6hH9jL4mN7qP8tW');


-- 8. PRIMERI DODAJANJA VSEBINE IN NALOG
INSERT INTO Vsebina (Id_vsebine, Id_ucitelja, Id_predmeta, snov) VALUES
(1, 1, 1, 'Algebra'),
(2, 1, 1, 'Geometrija'),
(3, 2, 2, 'Slovenska slovnica'),
(4, 2, 2, 'Literarna teorija'),
(5, 3, 3, 'Angleška slovnica'),
(6, 3, 3, 'Poslovna angleščina'),
(7, 4, 4, 'Mehanika'),
(8, 4, 4, 'Termodinamika'),
(9, 5, 5, 'Anorganska kemija'),
(10, 5, 5, 'Organska kemija'),
(11, 6, 6, 'Srednji vek'),
(12, 6, 6, 'Renesansa'),
(13, 7, 7, 'Fizična geografija'),
(14, 7, 7, 'Družbena geografija'),
(15, 8, 8, 'Citologija'),
(16, 8, 8, 'Genetika'),
(17, 9, 9, 'Programiranje v Pythonu'),
(18, 9, 9, 'Podatkovne strukture'),
(19, 10, 10, 'Atletika'),
(20, 10, 10, 'Ekipne igre'),
(21, 11, 11, 'Glasbena teorija'),
(22, 11, 11, 'Solfeđo'),
(23, 12, 12, 'Risanje'),
(24, 12, 12, 'Barvna teorija'),
(25, 13, 13, 'OOP načela'),
(26, 13, 13, 'Algoritmi'),
(27, 14, 14, 'HTML in CSS'),
(28, 14, 14, 'JavaScript'),
(29, 15, 15, 'SQL poizvedbe'),
(30, 15, 15, 'Normalizacija podatkov');

INSERT INTO Naloga (Id_naloge, Id_vsebine, opis_naloge, navodila) VALUES
(1, 1, 'Domača naloga iz algebre', 'Rešite naslednje linearne enačbe: 2x + 5 = 15, 3(x - 4) = 21, 5x - 7 = 3x + 9'),
(2, 2, 'Naloga iz geometrije', 'Izračunajte ploščino in obseg trikotnika s stranicami a=5cm, b=7cm, c=9cm'),
(3, 3, 'Slovenska slovnica', 'Dopolnite povedi z ustreznimi predlogi: Šel sem ___ šolo, Knjiga je ___ mizi, Pismo je ___ očeta'),
(4, 4, 'Literarna analiza', 'Analizirajte pesem "Sonetje nesmrtnosti" in opišite uporabljene literarne figure'),
(5, 5, 'Angleške časovne oblike', 'Pretvorite naslednje povedi v preteklik: I go to school, She eats an apple, They play football'),
(6, 6, 'Poslovno pismo', 'Napišite poslovno pismo v angleščini z zahtevo za informacije o izdelku'),
(7, 7, 'Newtonovi zakoni', 'Pojasnite Newtonove zakone gibanja in navedite primere iz vsakdanjega življenja'),
(8, 8, 'Toplotni stroji', 'Opišite delovanje toplotnega stroja in izračunajte njegovo izkoristnost'),
(9, 9, 'Kemijske reakcije', 'Uravnotežite naslednje kemijske reakcije: H2 + O2 → H2O, CH4 + O2 → CO2 + H2O'),
(10, 10, 'Organske spojine', 'Narišite strukture naslednjih organskih spojin: metan, etan, propan, butan'),
(11, 11, 'Rimska cesarstva', 'Opišite vzpon in padec Rimskega cesarstva ter njegov vpliv na Evropo'),
(12, 12, 'Humanizem', 'Pojasnite pojme humanizem in renesansa ter njune glavne predstavnike'),
(13, 13, 'Geografski koordinati', 'Določite geografske koordinate 5 glavnih mest po svetu'),
(14, 14, 'Demografija', 'Analizirajte demografske trende v Sloveniji v zadnjih 20 letih'),
(15, 15, 'Celica', 'Opišite strukturo rastlinske in živalske celice ter njune razlike'),
(16, 16, 'Genetski problemi', 'Rešite naslednji genetski problem: Kakšni so možni genotipi potomcev, če se križata Aa x Aa?'),
(17, 17, 'Python program', 'Napišite Python program, ki izračuna fakulteto števila in preveri, ali je število praštevilo'),
(18, 18, 'Podatkovne strukture', 'Implementirajte povezani seznam v izbranem programskem jeziku z operacijami vstavljanja in brisanja'),
(19, 19, 'Atletski trening', 'Pripravite tedenski atletski treningski načrt za teka na 100m z vključenimi razgibavami in vajami za moč'),
(20, 20, 'Košarkarska taktika', 'Opišite osnovne košarkarske taktike v napadu in obrambi z diagrami'),
(21, 21, 'Glasbena teorija', 'Zapišite dur in mol lestvico ter pojasnite razliko med njima'),
(22, 22, 'Solfeđo vaje', 'Zapojte in zapišite na notni črti naslednje melodije po posluhu'),
(23, 23, 'Risanje perspektive', 'Narišite sobo v eni točkovni perspektivi z vsaj tremi predmeti'),
(24, 24, 'Barvni krog', 'Ustvarite barvni krog in pojasnite razmerja med primarnimi, sekundarnimi in terciarnimi barvami'),
(25, 25, 'OOP načela', 'Implementirajte razred "Avto" v Pythonu z uporabo 4 načel OOP (dedovanje, inkapsulacija, polimorfizem, abstrakcija)'),
(26, 26, 'Sortiranje', 'Implementirajte algoritem hitrega sortiranja in analizirajte njegovo časovno zahtevnost'),
(27, 27, 'Spletna stran', 'Ustvarite preprosto spletno stran z HTML in CSS, ki vsebuje glavo, navigacijski meni in vsebino'),
(28, 28, 'JavaScript kalkulator', 'Napišite JavaScript kalkulator, ki izvaja osnovne matematične operacije (+, -, *, /)'),
(29, 29, 'SQL poizvedbe', 'Napišite SQL poizvedbe za: SELECT vse učence iz 2. letnika, UPDATE spremembo gesla, DELETE neaktivne uporabnike'),
(30, 30, 'Normalizacija baze', 'Normalizirajte naslednjo tabelo do 3. normalne oblike in pojasnite vsak korak');
